factor,window,variant,exposures,factor_ret,net_sum
Mkt-RF,2009,S0-B0,"0.09, 0.04, 0.10","9.0, 10.2, 5.2",1.69829743626969
Mkt-RF,2009,S1-B0,"0.07, 0.05, 0.12","9.0, 10.2, 5.2",1.7752317860310396
Mkt-RF,2009,S2-B0,"0.07, 0.06, 0.09","9.0, 10.2, 5.2",1.6747607239690876
Mkt-RF,2009,S5-B0,"0.15, 0.08, 0.09","9.0, 10.2, 5.2",2.5433630069215356
Mkt-RF,2009,S0-B1,"0.19, 0.09, 0.24","9.0, 10.2, 5.2",3.761218378213277
Mkt-RF,2020,S0-B0,"0.69, 0.18, 0.01","-8.2, -13.4, 13.6",-8.07171325380478
Mkt-RF,2020,S1-B0,"0.49, 0.10, 0.02","-8.2, -13.4, 13.6",-5.260129145578742
Mkt-RF,2020,S2-B0,"1.10, 0.32, 0.03","-8.2, -13.4, 13.6",-13.04601707748846
Mkt-RF,2020,S5-B0,"1.50, 0.19, 0.05","-8.2, -13.4, 13.6",-14.220652926541376
Mkt-RF,2020,S0-B1,"0.56, 0.15, 0.01","-8.2, -13.4, 13.6",-6.664756051495574
SMB,2009,S0-B0,"0.24, 0.10, 0.10","0.6, 7.1, -2.3",0.5613757544426053
SMB,2009,S1-B0,"0.18, 0.09, 0.11","0.6, 7.1, -2.3",0.5085780780429703
SMB,2009,S2-B0,"0.17, 0.15, 0.14","0.6, 7.1, -2.3",0.8310456256227474
SMB,2009,S5-B0,"0.63, 0.53, 0.45","0.6, 7.1, -2.3",3.0175460992382352
SMB,2009,S5-B1,"0.90, 0.75, 0.65","0.6, 7.1, -2.3",4.242823146794682
SMB,2020,S0-B0,"0.63, 0.53, 0.03","0.1, -8.2, 2.6",-4.373916315421122
SMB,2020,S1-B0,"0.56, 0.53, 0.04","0.1, -8.2, 2.6",-4.356530412521626
SMB,2020,S2-B0,"0.77, 0.74, 0.07","0.1, -8.2, 2.6",-5.907505731545739
SMB,2020,S5-B0,"0.96, 1.20, 0.14","0.1, -8.2, 2.6",-9.606533811500215
SMB,2020,S5-B1,"0.88, 1.10, 0.12","0.1, -8.2, 2.6",-8.880628199209397
HML,2009,S0-B0,"0.04, 0.02, 0.02","3.5, 5.4, 0.4",0.2182401618568127
HML,2009,S1-B0,"0.03, 0.02, 0.03","3.5, 5.4, 0.4",0.20258222382570695
HML,2009,S2-B0,"0.04, 0.03, 0.03","3.5, 5.4, 0.4",0.3029794637458977
HML,2009,S5-B0,"0.06, 0.03, 0.04","3.5, 5.4, 0.4",0.41520609103270556
HML,2009,S4-B1,"0.10, 0.06, 0.09","3.5, 5.4, 0.4",0.6976817306913686
HML,2020,S0-B0,"0.79, 0.21, 0.02","-3.8, -13.8, -1.3",-6.13618138906839
HML,2020,S1-B0,"0.36, 0.21, 0.03","-3.8, -13.8, -1.3",-4.41072695827371
HML,2020,S2-B0,"0.50, 0.34, 0.05","-3.8, -13.8, -1.3",-6.748508068736999
HML,2020,S5-B0,"0.36, 0.45, 0.10","-3.8, -13.8, -1.3",-7.762266580094441
HML,2020,S4-B1,"0.86, 0.46, 0.11","-3.8, -13.8, -1.3",-9.938188465644082
RMW,2009,S0-B0,"0.27, 0.12, 0.30","-2.6, 1.3, -0.9",-0.8666914843740249
RMW,2009,S1-B0,"0.26, 0.14, 0.24","-2.6, 1.3, -0.9",-0.7396183710299135
RMW,2009,S2-B0,"0.25, 0.20, 0.25","-2.6, 1.3, -0.9",-0.6490731765798227
RMW,2009,S5-B0,"0.64, 0.33, 0.28","-2.6, 1.3, -0.9",-1.596942359765829
RMW,2009,S3-B0,"0.21, 0.20, 0.23","-2.6, 1.3, -0.9",-0.5004667025419579
RMW,2020,S0-B0,"0.93, 0.44, 0.14","-1.4, -1.6, 2.8",-1.7644669741206371
RMW,2020,S1-B0,"0.66, 0.48, 0.15","-1.4, -1.6, 2.8",-1.4456814826805071
RMW,2020,S2-B0,"1.03, 0.72, 0.29","-1.4, -1.6, 2.8",-1.9479691824195584
RMW,2020,S5-B0,"1.50, 1.22, 0.41","-1.4, -1.6, 2.8",-3.195651976230899
RMW,2020,S3-B0,"0.92, 0.81, 0.48","-1.4, -1.6, 2.8",-1.3553129310491105
CMA,2009,S0-B0,"0.59, 0.48, 0.60","-2.0, 0.3, -2.0",-2.3275942698091163
CMA,2009,S1-B0,"0.54, 0.77, 0.96","-2.0, 0.3, -2.0",-2.8650804331340276
CMA,2009,S2-B0,"0.42, 0.53, 0.66","-2.0, 0.3, -2.0",-2.050545162752936
CMA,2009,S5-B0,"0.41, 0.66, 0.91","-2.0, 0.3, -2.0",-2.5292599031365626
CMA,2009,S3-B1,"0.46, 0.51, 0.57","-2.0, 0.3, -2.0",-1.9388334160726155
CMA,2020,S0-B0,"1.49, 0.67, 0.14","-2.5, 1.2, -1.0",-3.345613323272874
CMA,2020,S1-B0,"0.76, 0.68, 0.16","-2.5, 1.2, -1.0",-1.4273653574637424
CMA,2020,S2-B0,"1.49, 0.98, 0.31","-2.5, 1.2, -1.0",-3.0921077248495825
CMA,2020,S5-B0,"1.50, 1.47, 0.55","-2.5, 1.2, -1.0",-2.737134023589116
CMA,2020,S3-B1,"1.32, 1.15, 0.60","-2.5, 1.2, -1.0",-2.6961171953978247
Mom,2009,S0-B0,"0.03, 0.01, 0.02","-11.8, -34.4, -12.5",-1.0153919875401556
Mom,2009,S1-B0,"0.03, 0.01, 0.02","-11.8, -34.4, -12.5",-1.0291755026941753
Mom,2009,S2-B0,"0.03, 0.02, 0.02","-11.8, -34.4, -12.5",-1.4755665994036882
Mom,2009,S5-B0,"0.05, 0.03, 0.03","-11.8, -34.4, -12.5",-1.9578364017712415
Mom,2020,S0-B0,"0.61, 0.35, 0.09","-0.2, 8.2, -5.6",2.1167318591349216
Mom,2020,S1-B0,"0.51, 0.42, 0.12","-0.2, 8.2, -5.6",2.4966884880281333
Mom,2020,S2-B0,"0.49, 0.48, 0.20","-0.2, 8.2, -5.6",2.647182591852995
Mom,2020,S5-B0,"0.57, 1.00, 0.26","-0.2, 8.2, -5.6",6.458795182502835
