factor,managed,combo,sr_full,sr_post,sr_orig_same
Mkt-RF,S0-B0,C0,0.4672,0.7708,0.5685
Mkt-RF,S0-B0,C1,0.4402,0.7392,0.5685
Mkt-RF,S0-B0,C2,0.4569,0.7545,0.5685
Mkt-RF,S0-B1,C0,0.4546,0.7526,0.5685
Mkt-RF,S0-B1,C1,0.4441,0.7005,0.5685
Mkt-RF,S0-B1,C2,0.4561,0.7192,0.5685
SMB,S0-B0,C0,-0.0168,-0.1987,0.0972
SMB,S0-B0,C1,-0.1325,-0.0537,0.0972
SMB,S0-B0,C2,-0.0824,0.0023,0.0972
SMB,S5-B1,C0,0.0601,-0.3101,0.0972
SMB,S5-B1,C1,-0.0035,-0.3505,0.0972
SMB,S5-B1,C2,-0.0711,-0.6318,0.0972
HML,S0-B0,C0,0.1689,-0.1784,0.2422
HML,S0-B0,C1,0.0996,-0.188,0.2422
HML,S0-B0,C2,0.0657,-0.466,0.2422
HML,S4-B1,C0,0.1708,-0.2187,0.2422
HML,S4-B1,C1,0.0603,-0.3333,0.2422
HML,S4-B1,C2,0.0316,-0.5436,0.2422
RMW,S0-B0,C0,0.3383,0.2423,0.4662
RMW,S0-B0,C1,0.304,0.0599,0.4662
RMW,S0-B0,C2,0.3236,0.2372,0.4662
RMW,S3-B0,C0,0.3697,0.1306,0.4662
RMW,S3-B0,C1,0.3664,0.1304,0.4662
RMW,S3-B0,C2,0.4012,0.1537,0.4662
CMA,S0-B0,C0,0.3087,-0.1265,0.3666
CMA,S0-B0,C1,0.2645,-0.0051,0.3666
CMA,S0-B0,C2,0.3019,-0.0343,0.3666
CMA,S3-B1,C0,0.277,-0.2304,0.3666
CMA,S3-B1,C1,0.2821,-0.0513,0.3666
CMA,S3-B1,C2,0.3006,-0.0402,0.3666
Mom,S0-B0,C0,0.744,0.2631,0.4189
Mom,S0-B0,C1,0.6359,0.0024,0.4189
Mom,S0-B0,C2,0.7031,0.2061,0.4189
Mom,S2-B0,C0,0.7966,0.4882,0.4189
Mom,S2-B0,C1,0.7222,0.3936,0.4189
Mom,S2-B0,C2,0.7712,0.4893,0.4189
