factor,variant,signal,baseline,sr_full,sr_pre,sr_post,turn,avg_w_post
Mkt-RF,S0-B0,S0,B0,0.506,0.4853,0.5907,0.3049,0.7181
Mkt-RF,S0-B1,S0,B1,0.5288,0.504,0.6513,0.3112,0.8073
Mkt-RF,S0-B2,S0,B2,0.5296,0.5037,0.6478,0.3147,0.8208
Mkt-RF,S0-B3,S0,B3,0.5263,0.4995,0.6386,0.3184,0.8234
Mkt-RF,S1-B0,S1,B0,0.4741,0.4267,0.6895,0.315,0.7349
Mkt-RF,S1-B1,S1,B1,0.4975,0.4557,0.713,0.3066,0.8162
Mkt-RF,S1-B2,S1,B2,0.4924,0.4464,0.7155,0.3124,0.825
Mkt-RF,S1-B3,S1,B3,0.4858,0.4362,0.7108,0.3186,0.8263
Mkt-RF,S2-B0,S2,B0,0.4788,0.4456,0.6269,0.1465,0.7298
Mkt-RF,S2-B1,S2,B1,0.5149,0.4828,0.6659,0.1443,0.8745
Mkt-RF,S2-B2,S2,B2,0.5122,0.481,0.651,0.1486,0.8831
Mkt-RF,S2-B3,S2,B3,0.5013,0.4697,0.6354,0.1534,0.8656
Mkt-RF,S3-B0,S3,B0,0.4921,0.4676,0.6084,0.0661,0.6649
Mkt-RF,S3-B1,S3,B1,0.5269,0.5014,0.6396,0.0671,0.88
Mkt-RF,S3-B2,S3,B2,0.523,0.5037,0.6036,0.067,0.8857
Mkt-RF,S3-B3,S3,B3,0.5104,0.4906,0.5929,0.0705,0.8412
Mkt-RF,S4-B0,S4,B0,0.4963,0.4505,0.7123,0.2734,0.816
Mkt-RF,S4-B1,S4,B1,0.5329,0.4857,0.7545,0.2606,0.9461
Mkt-RF,S4-B2,S4,B2,0.527,0.4791,0.7431,0.2679,0.9545
Mkt-RF,S4-B3,S4,B3,0.5163,0.4675,0.7311,0.276,0.9336
Mkt-RF,S5-B0,S5,B0,0.4529,0.4076,0.6387,0.1739,0.7576
Mkt-RF,S5-B1,S5,B1,0.4693,0.4257,0.6795,0.169,0.7626
Mkt-RF,S5-B2,S5,B2,0.4693,0.4262,0.6642,0.1712,0.7749
Mkt-RF,S5-B3,S5,B3,0.4632,0.4165,0.6627,0.1742,0.7881
SMB,S0-B0,S0,B0,0.1206,0.2531,-0.5339,0.2245,0.3576
SMB,S0-B1,S0,B1,0.1285,0.2557,-0.5045,0.3098,0.6409
SMB,S0-B2,S0,B2,0.1057,0.2377,-0.5095,0.2989,0.6279
SMB,S0-B3,S0,B3,0.0954,0.2383,-0.51,0.2775,0.564
SMB,S1-B0,S1,B0,0.0688,0.1715,-0.4342,0.2356,0.3887
SMB,S1-B1,S1,B1,0.1213,0.2386,-0.4265,0.3189,0.6785
SMB,S1-B2,S1,B2,0.0873,0.2112,-0.4468,0.3106,0.6699
SMB,S1-B3,S1,B3,0.0548,0.1782,-0.4361,0.2923,0.6111
SMB,S2-B0,S2,B0,0.1309,0.2427,-0.4501,0.1128,0.427
SMB,S2-B1,S2,B1,0.154,0.2706,-0.4237,0.1489,0.7262
SMB,S2-B2,S2,B2,0.1407,0.2668,-0.4348,0.1462,0.7205
SMB,S2-B3,S2,B3,0.1215,0.2532,-0.444,0.1387,0.6547
SMB,S3-B0,S3,B0,0.1594,0.27,-0.4468,0.047,0.3971
SMB,S3-B1,S3,B1,0.1536,0.2702,-0.4174,0.0691,0.7643
SMB,S3-B2,S3,B2,0.1391,0.2641,-0.4303,0.0664,0.7502
SMB,S3-B3,S3,B3,0.1339,0.2649,-0.4396,0.0612,0.6536
SMB,S4-B0,S4,B0,0.1638,0.2766,-0.4491,0.187,0.4952
SMB,S4-B1,S4,B1,0.1728,0.2978,-0.438,0.2421,0.7811
SMB,S4-B2,S4,B2,0.1592,0.2883,-0.4425,0.2366,0.7642
SMB,S4-B3,S4,B3,0.1519,0.2835,-0.4473,0.2223,0.694
SMB,S5-B0,S5,B0,0.1545,0.2589,-0.3597,0.1873,0.5201
SMB,S5-B1,S5,B1,0.2185,0.3274,-0.3367,0.1939,0.5831
SMB,S5-B2,S5,B2,0.198,0.307,-0.3428,0.1934,0.5777
SMB,S5-B3,S5,B3,0.1759,0.2851,-0.3469,0.1929,0.5741
HML,S0-B0,S0,B0,0.2346,0.3304,-0.6142,0.2525,0.2468
HML,S0-B1,S0,B1,0.2649,0.395,-0.3584,0.2738,0.5286
HML,S0-B2,S0,B2,0.2548,0.3727,-0.4506,0.2679,0.4168
HML,S0-B3,S0,B3,0.2431,0.3516,-0.541,0.2621,0.3315
HML,S1-B0,S1,B0,0.2649,0.3554,-0.4648,0.2528,0.2547
HML,S1-B1,S1,B1,0.2974,0.42,-0.2064,0.2726,0.5699
HML,S1-B2,S1,B2,0.2837,0.3964,-0.2868,0.2684,0.4659
HML,S1-B3,S1,B3,0.271,0.3755,-0.3796,0.2629,0.3655
HML,S2-B0,S2,B0,0.2684,0.3562,-0.4602,0.1191,0.2703
HML,S2-B1,S2,B1,0.2966,0.4093,-0.2118,0.1304,0.5836
HML,S2-B2,S2,B2,0.2842,0.3879,-0.2858,0.1268,0.4729
HML,S2-B3,S2,B3,0.272,0.3699,-0.3751,0.124,0.3765
HML,S3-B0,S3,B0,0.2535,0.3469,-0.4925,0.0578,0.2827
HML,S3-B1,S3,B1,0.2844,0.4012,-0.2422,0.0638,0.5926
HML,S3-B2,S3,B2,0.2687,0.3784,-0.319,0.0617,0.491
HML,S3-B3,S3,B3,0.2591,0.3639,-0.4081,0.0601,0.395
HML,S4-B0,S4,B0,0.298,0.3969,-0.4203,0.218,0.354
HML,S4-B1,S4,B1,0.315,0.4382,-0.2122,0.232,0.6721
HML,S4-B2,S4,B2,0.3055,0.4231,-0.278,0.2287,0.5802
HML,S4-B3,S4,B3,0.2991,0.411,-0.3548,0.2252,0.4776
HML,S5-B0,S5,B0,0.2015,0.3044,-0.4456,0.1494,0.333
HML,S5-B1,S5,B1,0.2737,0.3657,-0.162,0.1565,0.5081
HML,S5-B2,S5,B2,0.2539,0.3497,-0.2586,0.1518,0.4396
HML,S5-B3,S5,B3,0.2297,0.3309,-0.3558,0.1492,0.3903
RMW,S0-B0,S0,B0,0.4724,0.5074,0.2674,0.2479,0.3525
RMW,S0-B1,S0,B1,0.4515,0.5,0.2163,0.2703,0.6231
RMW,S0-B2,S0,B2,0.4613,0.5099,0.2169,0.2621,0.5973
RMW,S0-B3,S0,B3,0.4663,0.5094,0.2355,0.2602,0.5202
RMW,S1-B0,S1,B0,0.4068,0.4418,0.1908,0.2503,0.3783
RMW,S1-B1,S1,B1,0.3856,0.4294,0.1592,0.2673,0.6001
RMW,S1-B2,S1,B2,0.3974,0.4383,0.1764,0.2618,0.5756
RMW,S1-B3,S1,B3,0.4048,0.4425,0.1914,0.2585,0.5216
RMW,S2-B0,S2,B0,0.455,0.5025,0.1566,0.1126,0.3994
RMW,S2-B1,S2,B1,0.4347,0.5028,0.1065,0.1218,0.6736
RMW,S2-B2,S2,B2,0.4537,0.5197,0.1166,0.1178,0.6476
RMW,S2-B3,S2,B3,0.4608,0.5204,0.1346,0.1179,0.5722
RMW,S3-B0,S3,B0,0.5157,0.5756,0.1366,0.0529,0.3971
RMW,S3-B1,S3,B1,0.4732,0.5582,0.0703,0.0601,0.6946
RMW,S3-B2,S3,B2,0.4864,0.5657,0.09,0.0576,0.6776
RMW,S3-B3,S3,B3,0.4958,0.566,0.1196,0.0577,0.5965
RMW,S4-B0,S4,B0,0.4449,0.4741,0.2821,0.1998,0.5094
RMW,S4-B1,S4,B1,0.4345,0.4723,0.2443,0.2058,0.6951
RMW,S4-B2,S4,B2,0.4421,0.4807,0.2426,0.2002,0.6828
RMW,S4-B3,S4,B3,0.4455,0.4817,0.2549,0.2001,0.6436
RMW,S5-B0,S5,B0,0.3868,0.4434,0.0807,0.1488,0.4885
RMW,S5-B1,S5,B1,0.3621,0.4368,0.0409,0.1565,0.6754
RMW,S5-B2,S5,B2,0.3843,0.455,0.0672,0.1517,0.6598
RMW,S5-B3,S5,B3,0.3893,0.4548,0.0807,0.1505,0.6218
CMA,S0-B0,S0,B0,0.3447,0.5083,-0.5168,0.2644,0.4656
CMA,S0-B1,S0,B1,0.3337,0.5394,-0.5076,0.2813,0.6335
CMA,S0-B2,S0,B2,0.3318,0.5294,-0.5257,0.2725,0.601
CMA,S0-B3,S0,B3,0.3361,0.5233,-0.5244,0.268,0.5594
CMA,S1-B0,S1,B0,0.3514,0.4852,-0.3747,0.2726,0.4667
CMA,S1-B1,S1,B1,0.3483,0.5307,-0.4297,0.2888,0.6112
CMA,S1-B2,S1,B2,0.3425,0.5151,-0.4287,0.2774,0.5869
CMA,S1-B3,S1,B3,0.3439,0.5024,-0.4098,0.2736,0.5525
CMA,S2-B0,S2,B0,0.4094,0.5601,-0.464,0.1237,0.497
CMA,S2-B1,S2,B1,0.4018,0.5954,-0.4621,0.132,0.6722
CMA,S2-B2,S2,B2,0.4007,0.5823,-0.4753,0.1284,0.626
CMA,S2-B3,S2,B3,0.4033,0.5722,-0.4709,0.1253,0.5794
CMA,S3-B0,S3,B0,0.4477,0.5819,-0.3806,0.0585,0.5001
CMA,S3-B1,S3,B1,0.4409,0.6153,-0.3606,0.0635,0.683
CMA,S3-B2,S3,B2,0.4459,0.607,-0.3737,0.0613,0.629
CMA,S3-B3,S3,B3,0.4449,0.5965,-0.3813,0.0593,0.5843
CMA,S4-B0,S4,B0,0.3567,0.5123,-0.4006,0.2336,0.5777
CMA,S4-B1,S4,B1,0.3501,0.542,-0.4184,0.2438,0.7378
CMA,S4-B2,S4,B2,0.3454,0.5306,-0.4254,0.2382,0.7144
CMA,S4-B3,S4,B3,0.348,0.5255,-0.4251,0.2353,0.6772
CMA,S5-B0,S5,B0,0.2936,0.4612,-0.5168,0.1531,0.5729
CMA,S5-B1,S5,B1,0.3103,0.5019,-0.5077,0.162,0.6372
CMA,S5-B2,S5,B2,0.3062,0.4878,-0.5258,0.1573,0.6013
CMA,S5-B3,S5,B3,0.3006,0.4754,-0.5273,0.1545,0.5876
Mom,S0-B0,S0,B0,0.8999,1.0043,0.2311,0.2547,0.3052
Mom,S0-B1,S0,B1,0.7858,0.8808,0.3394,0.2857,0.655
Mom,S0-B2,S0,B2,0.8123,0.9146,0.3141,0.2854,0.583
Mom,S0-B3,S0,B3,0.8454,0.9491,0.272,0.2776,0.4567
Mom,S1-B0,S1,B0,0.8681,0.9657,0.2759,0.2508,0.3468
Mom,S1-B1,S1,B1,0.7843,0.8824,0.3683,0.274,0.7172
Mom,S1-B2,S1,B2,0.8094,0.9146,0.348,0.2761,0.6518
Mom,S1-B3,S1,B3,0.8354,0.9382,0.3216,0.2722,0.5171
Mom,S2-B0,S2,B0,0.9373,1.0211,0.4388,0.1293,0.3536
Mom,S2-B1,S2,B1,0.8228,0.897,0.4957,0.1384,0.8046
Mom,S2-B2,S2,B2,0.8524,0.9342,0.4755,0.1412,0.7207
Mom,S2-B3,S2,B3,0.8935,0.9774,0.4492,0.1395,0.5516
Mom,S3-B0,S3,B0,0.8845,0.9568,0.4622,0.0661,0.3478
Mom,S3-B1,S3,B1,0.7905,0.8556,0.5043,0.0683,0.8087
Mom,S3-B2,S3,B2,0.8187,0.8917,0.4865,0.0712,0.7315
Mom,S3-B3,S3,B3,0.8579,0.9316,0.4705,0.0708,0.5517
Mom,S4-B0,S4,B0,0.821,0.9129,0.2702,0.2367,0.4494
Mom,S4-B1,S4,B1,0.7491,0.8332,0.3504,0.249,0.7731
Mom,S4-B2,S4,B2,0.7723,0.8639,0.3353,0.2487,0.7261
Mom,S4-B3,S4,B3,0.7953,0.8906,0.3055,0.2527,0.6259
Mom,S5-B0,S5,B0,0.8634,0.935,0.5305,0.1524,0.572
Mom,S5-B1,S5,B1,0.7471,0.8088,0.4967,0.1517,0.7842
Mom,S5-B2,S5,B2,0.7726,0.8431,0.4957,0.155,0.7656
Mom,S5-B3,S5,B3,0.8103,0.8861,0.507,0.1558,0.714
