factor,period,calm (high exposure),middle,turbulent (low exposure)
CMA,1973-2016,0.0219,0.0373,0.0686
CMA,2017 onward,-0.0405,-0.0711,0.0766
HML,1973-2016,0.0178,0.0591,0.0668
HML,2017 onward,-0.1345,0.0181,0.0614
Mkt-RF,1973-2016,0.0962,0.0419,0.0724
Mkt-RF,2017 onward,0.0407,0.1961,0.1699
Mom,1973-2016,0.1056,0.0728,0.0212
Mom,2017 onward,0.1596,0.0293,-0.0543
RMW,1973-2016,0.0264,0.0477,0.0326
RMW,2017 onward,0.0205,0.0191,0.0183
SMB,1973-2016,0.023,0.003,0.0468
SMB,2017 onward,-0.0522,-0.1161,0.0923
