factor,period,months,sharpe_orig,sharpe_managed_net,sharpe_combo,alpha_ann,alpha_t,p_net_vs_orig,p_combo_vs_orig
Mkt-RF,1973-2016,522,0.4467,0.4733,0.4099,0.016,1.8282,0.7976,0.3404
Mkt-RF,2017 onward,116,0.8593,0.6336,0.7583,0.0075,0.3076,0.4376,0.6722
SMB,1973-2016,522,0.2335,0.1545,-0.0496,0.0023,0.454,0.4,0.1066
SMB,2017 onward,116,-0.242,-0.5326,-0.2652,-0.0141,-1.3779,0.1654,0.5936
HML,1973-2016,522,0.4793,0.3257,0.3453,0.0037,0.5149,0.2014,0.1264
HML,2017 onward,116,-0.1397,-0.6205,-0.2634,-0.0135,-2.5103,0.001,0.001
RMW,1973-2016,522,0.4409,0.4968,0.4641,0.0133,2.491,0.6866,0.6946
RMW,2017 onward,116,0.2126,0.2155,0.2876,0.0045,0.844,0.9888,0.6266
CMA,1973-2016,522,0.6313,0.4974,0.4935,0.0056,1.1882,0.1548,0.5116
CMA,2017 onward,116,-0.1287,-0.5329,-0.2175,-0.0144,-1.8326,0.039,0.0102
Mom,1973-2016,522,0.4364,0.9258,0.9481,0.0528,5.1252,0.0002,0.006
Mom,2017 onward,116,0.3127,0.5308,0.6064,0.0169,1.8896,0.3776,0.4302
